Time(s),Content(bytes),Header(bytes)
0.372955322265625,2097152,266
0.44956469535827637,2097152,266
0.4657754898071289,2097152,266
0.42667460441589355,2097152,266
0.39556145668029785,2097152,266
