Time(s),Content(bytes),Header(bytes)
0.09201478958129883,648,386
0.021871328353881836,648,386
0.022748947143554688,648,386
0.024067401885986328,648,386
0.021565675735473633,648,386
0.02364373207092285,648,386
0.022806406021118164,648,386
0.024426937103271484,648,386
0.022379159927368164,648,386
0.02381730079650879,648,386
