Time(s),Content(bytes),Header(bytes)
0.0014994144439697266,10240,0
0.0005624294281005859,10240,0
0.00039267539978027344,10240,0
0.0004074573516845703,10240,0
0.0003018379211425781,10240,0
0.00027298927307128906,10240,0
0.0002560615539550781,10240,0
0.0002734661102294922,10240,0
0.00025844573974609375,10240,0
0.000255584716796875,10240,0
